"x, y, yaw, value"
8.178631,-1.570796,0.0,0.5000001218202128
8.178631,-1.48353,0.0,0.4999999992745562
8.178631,-1.396263,0.0,0.5000003087204845
8.178631,-1.308997,0.0,0.5000000133804217
8.178631,-1.22173,0.0,0.500004181470638
8.178631,-1.134464,0.0,0.5000006697659191
8.178631,-1.047198,0.0,0.5000015388324563
8.178631,-0.9599311,0.0,0.500000004686514
8.178631,-0.8726646,0.0,0.5000000017409195
8.178631,-0.7853982,0.0,0.5
8.178631,-0.6981317,0.0,0.49999999931890377
8.178631,-0.6108652,0.0,0.5000002384077938
8.178631,-0.5235987,0.0,0.5
8.178631,-0.4363323,0.0,0.5
8.178631,-0.3490659,0.0,0.5
8.178631,-0.2617994,0.0,0.5
8.178631,-0.174533,0.0,0.5
8.178631,-0.08726652,0.0,0.5
8.178631,4.371139e-08,0.0,0.5
8.178631,0.08726648,0.0,0.5
8.178631,0.1745329,0.0,0.5
8.178631,0.2617994,0.0,0.5
8.178631,0.3490658,0.0,0.5
8.178631,0.4363324,0.0,0.5
8.178631,0.5235988,0.0,0.5
8.178631,0.6108653,0.0,0.5
8.178631,0.6981317,0.0,0.5
8.178631,0.7853982,0.0,0.5
8.178631,0.8726646,0.0,0.5000000001235653
8.178631,0.9599311,0.0,0.5000002810325693
8.178631,1.047197,0.0,0.500005261706585
8.178631,1.134464,0.0,0.5000187689164247
8.178631,1.22173,0.0,0.5000000006946216
8.178631,1.308997,0.0,0.500000001699472
8.178631,1.396263,0.0,0.5000000009390184
8.178631,1.48353,0.0,0.5000000023413567
8.178631,1.570796,0.0,0.5000000402622901
8.178631,1.658063,0.0,0.499999890169853
8.178631,1.745329,0.0,0.5000000016690525
8.178631,1.832596,0.0,0.5000000269443365
8.178631,1.919862,0.0,0.5000074548670087
8.178631,2.007129,0.0,0.4999997659863194
8.178631,2.094395,0.0,0.5001924431130778
8.178631,2.181662,0.0,0.5000087105208318
8.178631,2.268928,0.0,0.5044597448664959
8.178631,2.356194,0.0,0.5000242896890033
8.178631,2.443461,0.0,0.5000021338210315
8.178631,2.530728,0.0,0.5000101311735188
8.178631,2.617994,0.0,0.5000022035880443
8.178631,2.705261,0.0,0.500138245241037
8.178631,2.792527,0.0,0.5000019493232539
8.178631,2.879793,0.0,0.5000020274449911
8.178631,2.96706,0.0,0.5000045551693023
8.178631,3.054326,0.0,0.5002663762141925
8.178631,-3.141593,0.0,0.5000003957086584
8.178631,-3.054326,0.0,0.5000743277630536
8.178631,-2.96706,0.0,0.5081823170185089
8.178631,-2.879793,0.0,0.5000109219433162
8.178631,-2.792527,0.0,0.50356379392669
8.178631,-2.705261,0.0,0.5000111121136498
8.178631,-2.617994,0.0,0.5000143390060905
8.178631,-2.530728,0.0,0.5000222226548197
8.178631,-2.443461,0.0,0.5014739985842591
8.178631,-2.356195,0.0,0.5000909547002832
8.178631,-2.268928,0.0,0.5074357910205842
8.178631,-2.181662,0.0,0.507548950612545
8.178631,-2.094395,0.0,0.5000023099114176
8.178631,-2.007129,0.0,0.5014842052873942
8.178631,-1.919862,0.0,0.5000002995362303
8.178631,-1.832596,0.0,0.5000888262400378
8.178631,-1.745329,0.0,0.5000000030137429
8.178631,-1.658063,0.0,0.4999999938038816
7.934261,-1.570796,0.0,0.4999890243880134
7.934261,-1.48353,0.0,0.5000000371645978
7.934261,-1.396263,0.0,0.500000366883268
7.934261,-1.308997,0.0,0.5000000770490154
7.934261,-1.22173,0.0,0.5000186376278873
7.934261,-1.134464,0.0,0.500000360054864
7.934261,-1.047198,0.0,0.5000000074798319
7.934261,-0.9599311,0.0,0.5
7.934261,-0.8726646,0.0,0.5000000040134938
7.934261,-0.7853982,0.0,0.5
7.934261,-0.6981317,0.0,0.49999999970900844
7.934261,-0.6108653,0.0,0.5
7.934261,-0.5235987,0.0,0.5
7.934261,-0.4363323,0.0,0.5
7.934261,-0.3490659,0.0,0.5
7.934261,-0.2617994,0.0,0.5
7.934261,-0.174533,0.0,0.5
7.934261,-0.08726652,0.0,0.5
7.934261,4.371139e-08,0.0,0.5
7.934261,0.08726648,0.0,0.5
7.934261,0.1745329,0.0,0.5
7.934261,0.2617994,0.0,0.5
7.934261,0.3490658,0.0,0.5
7.934261,0.4363324,0.0,0.5
7.934261,0.5235988,0.0,0.5
7.934261,0.6108653,0.0,0.5
7.934261,0.6981317,0.0,0.4999999967029157
7.934261,0.7853982,0.0,0.5000000002145384
7.934261,0.8726646,0.0,0.500000000816496
7.934261,0.9599311,0.0,0.5000002376007519
7.934261,1.047197,0.0,0.5000019689841991
7.934261,1.134464,0.0,0.5000002766865588
7.934261,1.22173,0.0,0.5000036014463229
7.934261,1.308997,0.0,0.5000003458963026
7.934261,1.396263,0.0,0.5000000846301799
7.934261,1.48353,0.0,0.49999993555857786
7.934261,1.570796,0.0,0.5000000122089322
7.934261,1.658063,0.0,0.49999999942486245
7.934261,1.745329,0.0,0.5000001376477938
7.934261,1.832596,0.0,0.5000001261372523
7.934261,1.919862,0.0,0.5000920205535327
7.934261,2.007129,0.0,0.5000127810278913
7.934261,2.094395,0.0,0.5000014664008543
7.934261,2.181662,0.0,0.5000015945037747
7.934261,2.268928,0.0,0.503678493414768
7.934261,2.356194,0.0,0.5001375703267292
7.934261,2.443461,0.0,0.5002875868824003
7.934261,2.530728,0.0,0.5099361464381218
7.934261,2.617994,0.0,0.5000481633233127
7.934261,2.705261,0.0,0.500001840526176
7.934261,2.792527,0.0,0.5032199649107965
7.934261,2.879793,0.0,0.5002405961326024
7.934261,2.96706,0.0,0.5004498285037008
7.934261,3.054326,0.0,0.5026381061890164
7.934261,-3.141593,0.0,0.5024302836779225
7.934261,-3.054326,0.0,0.5000204221155705
7.934261,-2.96706,0.0,0.532842414875224
7.934261,-2.879793,0.0,0.5067461423575879
7.934261,-2.792527,0.0,0.521692999153642
7.934261,-2.705261,0.0,0.5001887278941018
7.934261,-2.617994,0.0,0.5000135660049565
7.934261,-2.530728,0.0,0.5017104561488955
7.934261,-2.443461,0.0,0.5050126068294049
7.934261,-2.356195,0.0,0.5032097473740578
7.934261,-2.268928,0.0,0.5034853920340538
7.934261,-2.181662,0.0,0.5003130305160974
7.934261,-2.094395,0.0,0.5004889651325806
7.934261,-2.007129,0.0,0.5003929694450093
7.934261,-1.919862,0.0,0.5030853880390136
7.934261,-1.832596,0.0,0.5000036531186164
7.934261,-1.745329,0.0,0.5000000028441438
7.934261,-1.658063,0.0,0.5000003920222338
7.690254,-1.570796,0.0,0.50173445860706
7.690254,-1.48353,0.0,0.5001382905545232
7.690253,-1.396263,0.0,0.5000231683799662
7.690253,-1.308997,0.0,0.49999910773034384
7.690254,-1.22173,0.0,0.5000252274785023
7.690253,-1.134464,0.0,0.5000057803480379
7.690254,-1.047198,0.0,0.5000000787479988
7.690254,-0.9599311,0.0,0.5000000046351915
7.690253,-0.8726646,0.0,0.49999999943371387
7.690254,-0.7853982,0.0,0.5
7.690254,-0.6981317,0.0,0.49999999996732036
7.690254,-0.6108652,0.0,0.49999999972494913
7.690254,-0.5235987,0.0,0.4999999962163781
7.690254,-0.4363323,0.0,0.5
7.690254,-0.3490659,0.0,0.5
7.690253,-0.2617994,0.0,0.5
7.690253,-0.174533,0.0,0.5
7.690254,-0.08726652,0.0,0.5
7.690254,4.371139e-08,0.0,0.5
7.690254,0.08726648,0.0,0.5
7.690253,0.1745329,0.0,0.5
7.690253,0.2617994,0.0,0.5
7.690254,0.3490658,0.0,0.5
7.690253,0.4363324,0.0,0.5
7.690254,0.5235988,0.0,0.5
7.690254,0.6108653,0.0,0.5
7.690254,0.6981317,0.0,0.5
7.690254,0.7853982,0.0,0.5
7.690254,0.8726646,0.0,0.5000000002334481
7.690254,0.9599311,0.0,0.5010138346969376
7.690254,1.047197,0.0,0.500012079896807
7.690253,1.134464,0.0,0.500183727781354
7.690254,1.22173,0.0,0.5001244711669693
7.690253,1.308997,0.0,0.5000000661964021
7.690253,1.396263,0.0,0.5000000210571587
7.690253,1.48353,0.0,0.5000000258765176
7.690254,1.570796,0.0,0.5000115462616478
7.690254,1.658063,0.0,0.5000000137246274
7.690253,1.745329,0.0,0.500067212003996
7.690253,1.832596,0.0,0.5000005474755426
7.690254,1.919862,0.0,0.5000028909238794
7.690254,2.007129,0.0,0.5000176274171855
7.690254,2.094395,0.0,0.5000000650724236
7.690254,2.181662,0.0,0.5001164880836552
7.690254,2.268928,0.0,0.5007619267478836
7.690254,2.356194,0.0,0.5026538446067028
7.690254,2.443461,0.0,0.513418640990615
7.690254,2.530728,0.0,0.5175248659356002
7.690253,2.617994,0.0,0.5142004914581776
7.690253,2.705261,0.0,0.5010773013889791
7.690254,2.792527,0.0,0.5162810750823354
7.690254,2.879793,0.0,0.500063528626603
7.690254,2.96706,0.0,0.5163652904863519
7.690254,3.054326,0.0,0.5397943217203603
7.690254,-3.141593,0.0,0.5507258315263486
7.690254,-3.054326,0.0,0.5122869074344635
7.690253,-2.96706,0.0,0.5489006075853915
7.690253,-2.879793,0.0,0.5152311660349369
7.690253,-2.792527,0.0,0.5106338322162628
7.690253,-2.705261,0.0,0.5003205872543436
7.690253,-2.617994,0.0,0.500058966606158
7.690254,-2.530728,0.0,0.5000636661176007
7.690253,-2.443461,0.0,0.5004957937649792
7.690254,-2.356195,0.0,0.5068756125867366
7.690253,-2.268928,0.0,0.49999828486731224
7.690253,-2.181662,0.0,0.5134502917528152
7.690254,-2.094395,0.0,0.5032208091822632
7.690254,-2.007129,0.0,0.5008875872303806
7.690254,-1.919862,0.0,0.5164418756961823
7.690253,-1.832596,0.0,0.5029198509541427
7.690254,-1.745329,0.0,0.5000000543072121
7.690253,-1.658063,0.0,0.5000002325121551
7.446643,-1.570796,0.0,0.5007378645832091
7.446644,-1.48353,0.0,0.5000020331726275
7.446643,-1.396263,0.0,0.5000210213668783
7.446643,-1.308997,0.0,0.5005581500625197
7.446643,-1.22173,0.0,0.5001908656130206
7.446643,-1.134464,0.0,0.5000373707032886
7.446643,-1.047198,0.0,0.5000001571981451
7.446643,-0.9599311,0.0,0.500000014125241
7.446643,-0.8726646,0.0,0.49999999975458165
7.446643,-0.7853982,0.0,0.5
7.446643,-0.6981317,0.0,0.499999999350439
7.446643,-0.6108652,0.0,0.5000000009645515
7.446644,-0.5235987,0.0,0.5000000089200114
7.446644,-0.4363323,0.0,0.5
7.446643,-0.3490659,0.0,0.5
7.446643,-0.2617994,0.0,0.5
7.446643,-0.174533,0.0,0.5
7.446644,-0.08726652,0.0,0.5
7.446643,4.371139e-08,0.0,0.5
7.446644,0.08726649,0.0,0.5
7.446643,0.1745329,0.0,0.5
7.446643,0.2617994,0.0,0.5
7.446643,0.3490658,0.0,0.5
7.446643,0.4363324,0.0,0.5
7.446644,0.5235988,0.0,0.5
7.446643,0.6108653,0.0,0.5
7.446643,0.6981317,0.0,0.5
7.446643,0.7853982,0.0,0.5
7.446643,0.8726646,0.0,0.5000001882801283
7.446643,0.9599311,0.0,0.5000030698649663
7.446644,1.047197,0.0,0.5000059770528191
7.446643,1.134464,0.0,0.5000265737078382
7.446643,1.22173,0.0,0.5006082137313039
7.446644,1.308997,0.0,0.5000027711375725
7.446643,1.396263,0.0,0.5000000025075773
7.446643,1.48353,0.0,0.4999999993759308
7.446643,1.570796,0.0,0.5000000885695517
7.446644,1.658063,0.0,0.5000004352872452
7.446643,1.745329,0.0,0.5000089888282052
7.446643,1.832596,0.0,0.500000074493577
7.446643,1.919862,0.0,0.500553231232438
7.446644,2.007129,0.0,0.5000133555271199
7.446643,2.094395,0.0,0.5000085160987453
7.446643,2.181662,0.0,0.5001663173479021
7.446644,2.268928,0.0,0.5102146208286286
7.446643,2.356194,0.0,0.5035635635256768
7.446644,2.443461,0.0,0.5018841375194265
7.446643,2.530728,0.0,0.5097674682736397
7.446643,2.617994,0.0,0.5269131053169471
7.446643,2.705261,0.0,0.5008918057449143
7.446644,2.792527,0.0,0.5017308331497009
7.446644,2.879793,0.0,0.5258599942614599
7.446644,2.96706,0.0,0.5131828650832176
7.446644,3.054326,0.0,0.5228024901045334
7.446643,-3.141593,0.0,0.5127194680273532
7.446644,-3.054326,0.0,0.5001467132610065
7.446643,-2.96706,0.0,0.561845173180175
7.446643,-2.879793,0.0,0.5275847570927892
7.446643,-2.792527,0.0,0.5551461539706448
7.446643,-2.705261,0.0,0.5003980037768693
7.446643,-2.617994,0.0,0.5022494516898757
7.446643,-2.530728,0.0,0.5028301181324626
7.446643,-2.443461,0.0,0.5135443099376054
7.446643,-2.356195,0.0,0.5237616746256081
7.446643,-2.268928,0.0,0.5236377906099976
7.446643,-2.181662,0.0,0.5295511825528912
7.446644,-2.094395,0.0,0.5047102743407719
7.446643,-2.007129,0.0,0.5000207996201289
7.446643,-1.919862,0.0,0.5131499476730823
7.446643,-1.832596,0.0,0.5158291468609899
7.446643,-1.745329,0.0,0.5000026581891579
7.446643,-1.658063,0.0,0.49974253107967664
7.203471,-1.570796,0.0,0.5132220566272736
7.203472,-1.48353,0.0,0.5000570842866243
7.203471,-1.396263,0.0,0.5005604878354494
7.203471,-1.308997,0.0,0.5010113114436088
7.203472,-1.22173,0.0,0.5001752358980693
7.203471,-1.134464,0.0,0.5000000325558195
7.203471,-1.047198,0.0,0.5000028406293138
7.203472,-0.9599311,0.0,0.5000000751125464
7.203471,-0.8726646,0.0,0.4999999999944789
7.203472,-0.7853982,0.0,0.4999999999685401
7.203472,-0.6981317,0.0,0.5000000416425456
7.203472,-0.6108652,0.0,0.5000001680152963
7.203472,-0.5235987,0.0,0.5000000675375496
7.203472,-0.4363323,0.0,0.4999999992599323
7.203472,-0.3490659,0.0,0.5
7.203472,-0.2617994,0.0,0.5
7.203471,-0.174533,0.0,0.5
7.203472,-0.08726652,0.0,0.5
7.203471,4.371139e-08,0.0,0.5
7.203472,0.08726649,0.0,0.5
7.203471,0.1745329,0.0,0.5
7.203471,0.2617994,0.0,0.5
7.203472,0.3490658,0.0,0.5
7.203472,0.4363324,0.0,0.5
7.203472,0.5235988,0.0,0.5
7.203471,0.6108653,0.0,0.4999999997579614
7.203472,0.6981317,0.0,0.5
7.203472,0.7853982,0.0,0.5000000113185618
7.203472,0.8726646,0.0,0.5000000411214743
7.203472,0.9599311,0.0,0.5000054065735596
7.203472,1.047197,0.0,0.5000047389352478
7.203472,1.134464,0.0,0.5056098490613694
7.203472,1.22173,0.0,0.5009673535418322
7.203472,1.308997,0.0,0.500019339284415
7.203471,1.396263,0.0,0.5000001319094911
7.203471,1.48353,0.0,0.500000191963815
7.203471,1.570796,0.0,0.5000132183783622
7.203472,1.658063,0.0,0.5000675740809666
7.203471,1.745329,0.0,0.5114058148688908
7.203472,1.832596,0.0,0.5000097917965464
7.203472,1.919862,0.0,0.5225701708211219
7.203472,2.007129,0.0,0.5003694346078852
7.203471,2.094395,0.0,0.5000026944559994
7.203471,2.181662,0.0,0.500101746645181
7.203472,2.268928,0.0,0.5005077389355905
7.203472,2.356194,0.0,0.501917834130105
7.203472,2.443461,0.0,0.5400757031234167
7.203472,2.530728,0.0,0.5019559549627786
7.203471,2.617994,0.0,0.5027244542029607
7.203472,2.705261,0.0,0.5013553754493254
7.203472,2.792527,0.0,0.4999843749702607
7.203472,2.879793,0.0,0.5030534695478722
7.203471,2.96706,0.0,0.5305330038898508
7.203471,3.054326,0.0,0.5044207989231267
7.203471,-3.141593,0.0,0.5101929329335689
7.203472,-3.054326,0.0,0.5204850109891759
7.203471,-2.96706,0.0,0.5095168965166955
7.203471,-2.879793,0.0,0.5603718344296251
7.203471,-2.792527,0.0,0.5568473927839519
7.203472,-2.705261,0.0,0.5473958277016109
7.203471,-2.617994,0.0,0.524209526762172
7.203472,-2.530728,0.0,0.5002483688941103
7.203471,-2.443461,0.0,0.5058366491415374
7.203471,-2.356195,0.0,0.5217614867835458
7.203471,-2.268928,0.0,0.5004966436188056
7.203472,-2.181662,0.0,0.5105391509830952
7.203472,-2.094395,0.0,0.5213865984513062
7.203471,-2.007129,0.0,0.527550849580037
7.203472,-1.919862,0.0,0.5040458214395713
7.203471,-1.832596,0.0,0.5222844979150391
7.203471,-1.745329,0.0,0.5000019680873644
7.203471,-1.658063,0.0,0.49999916499815356
6.960783,-1.570796,0.0,0.5212175307774085
6.960783,-1.48353,0.0,0.5038650812410502
6.960783,-1.396263,0.0,0.500003204522603
6.960783,-1.308997,0.0,0.5012094029747649
6.960783,-1.22173,0.0,0.5004921925126984
6.960783,-1.134464,0.0,0.5001389019801553
6.960783,-1.047198,0.0,0.5000000428033388
6.960783,-0.9599311,0.0,0.500000000903976
6.960783,-0.8726646,0.0,0.5000000000734302
6.960783,-0.7853982,0.0,0.4999999973793126
6.960783,-0.6981317,0.0,0.5000014241615145
6.960783,-0.6108652,0.0,0.5000051829783637
6.960783,-0.5235987,0.0,0.5000006471499505
6.960783,-0.4363323,0.0,0.5
6.960783,-0.3490658,0.0,0.4999999997128855
6.960783,-0.2617994,0.0,0.5000000004424169
6.960783,-0.174533,0.0,0.5
6.960783,-0.08726652,0.0,0.5
6.960783,4.371139e-08,0.0,0.5
6.960783,0.08726648,0.0,0.5
6.960783,0.1745329,0.0,0.5
6.960783,0.2617994,0.0,0.5
6.960783,0.3490658,0.0,0.5
6.960783,0.4363324,0.0,0.5
6.960783,0.5235988,0.0,0.5
6.960783,0.6108653,0.0,0.5
6.960783,0.6981317,0.0,0.5000000012497974
6.960783,0.7853982,0.0,0.5000000348529279
6.960783,0.8726646,0.0,0.5000000826753731
6.960783,0.9599311,0.0,0.5001954476280892
6.960783,1.047197,0.0,0.5000036858021851
6.960783,1.134464,0.0,0.5184900559484958
6.960783,1.22173,0.0,0.5217041164636612
6.960783,1.308997,0.0,0.5000963864964328
6.960783,1.396263,0.0,0.5007082368949497
6.960783,1.48353,0.0,0.500036894734549
6.960783,1.570796,0.0,0.5000254657437777
6.960783,1.658063,0.0,0.500662653287118
6.960783,1.745329,0.0,0.5001407807345293
6.960783,1.832596,0.0,0.5246352414148409
6.960783,1.919862,0.0,0.5369200084049655
6.960783,2.007129,0.0,0.5000550461277682
6.960783,2.094395,0.0,0.49999956440505555
6.960783,2.181662,0.0,0.5003827301709608
6.960783,2.268928,0.0,0.5089909985661507
6.960783,2.356194,0.0,0.5348086581165248
6.960783,2.443461,0.0,0.5381295586608685
6.960783,2.530728,0.0,0.5324103955671369
6.960783,2.617994,0.0,0.5581797878578467
6.960783,2.705261,0.0,0.5342391483396824
6.960783,2.792527,0.0,0.5566891745470715
6.960783,2.879793,0.0,0.5096987590193749
6.960783,2.96706,0.0,0.5482793791392065
6.960783,3.054326,0.0,0.5242804420684422
6.960783,-3.141593,0.0,0.5390820186623684
6.960783,-3.054326,0.0,0.531559760105908
6.960783,-2.96706,0.0,0.5733053184353012
6.960783,-2.879793,0.0,0.5612670077328279
6.960783,-2.792527,0.0,0.56066316375414
6.960783,-2.705261,0.0,0.5447112627575414
6.960783,-2.617994,0.0,0.52565382255365
6.960783,-2.530728,0.0,0.5025522185125922
6.960783,-2.443461,0.0,0.5067135959199841
6.960783,-2.356195,0.0,0.5322398523590528
6.960783,-2.268928,0.0,0.5154621644492192
6.960783,-2.181662,0.0,0.5189954276989248
6.960783,-2.094395,0.0,0.5339928835860848
6.960783,-2.007129,0.0,0.5420978685981397
6.960783,-1.919862,0.0,0.541599271641795
6.960783,-1.832596,0.0,0.561007290003932
6.960783,-1.745329,0.0,0.5081955894827843
6.960783,-1.658063,0.0,0.5098642870783806
6.718631,-1.570796,0.0,0.500933066981893
6.718631,-1.48353,0.0,0.5009485467080662
6.718631,-1.396263,0.0,0.5030531028586196
6.718631,-1.308997,0.0,0.5079788058996201
6.718631,-1.22173,0.0,0.5000423604100779
6.718631,-1.134464,0.0,0.5000202726454065
6.718631,-1.047198,0.0,0.5000000013466142
6.718631,-0.9599311,0.0,0.49999998320439665
6.718631,-0.8726647,0.0,0.49999999956413427
6.71863,-0.7853982,0.0,0.4999999996366523
6.718631,-0.6981317,0.0,0.5000022509560733
6.718631,-0.6108652,0.0,0.5000067840445273
6.718631,-0.5235987,0.0,0.5000089320683305
6.718631,-0.4363323,0.0,0.4999999997329515
6.718631,-0.3490658,0.0,0.5
6.718631,-0.2617994,0.0,0.5000000014563901
6.718631,-0.174533,0.0,0.5
6.718631,-0.08726652,0.0,0.5
6.718631,4.371139e-08,0.0,0.5
6.718631,0.08726648,0.0,0.5
6.718631,0.1745329,0.0,0.5
6.718631,0.2617994,0.0,0.5
6.718631,0.3490658,0.0,0.5
6.718631,0.4363324,0.0,0.5
6.718631,0.5235988,0.0,0.5
6.718631,0.6108652,0.0,0.5000000006230192
6.718631,0.6981317,0.0,0.5000000633834912
6.71863,0.7853982,0.0,0.5000000578860841
6.718631,0.8726646,0.0,0.5001733904172891
6.718631,0.9599311,0.0,0.5252937652170658
6.718631,1.047197,0.0,0.5000361659467719
6.718631,1.134464,0.0,0.5496066481551247
6.718631,1.22173,0.0,0.5225126266479492
6.718631,1.308997,0.0,0.5000276995434013
6.718631,1.396263,0.0,0.500072068236518
6.718631,1.48353,0.0,0.5001657146459778
6.718631,1.570796,0.0,0.5275344222766147
6.718631,1.658063,0.0,0.5254221056288303
6.718631,1.745329,0.0,0.5083628915250301
6.718631,1.832596,0.0,0.576655530278647
6.718631,1.919862,0.0,0.5523774912039237
6.718631,2.007129,0.0,0.5351494907726266
6.718631,2.094395,0.0,0.5053933955729007
6.71863,2.181662,0.0,0.502200354187923
6.718631,2.268928,0.0,0.5162237152457237
6.718631,2.356194,0.0,0.5388910365701758
6.718631,2.443461,0.0,0.5329643114033256
6.718631,2.530728,0.0,0.5188141658598449
6.718631,2.617994,0.0,0.5045275433381571
6.718631,2.705261,0.0,0.51877865716815
6.718631,2.792527,0.0,0.5255145980055423
6.718631,2.879793,0.0,0.5557310860578437
6.718631,2.96706,0.0,0.5313760601030563
6.718631,3.054326,0.0,0.5407867083187083
6.718631,-3.141593,0.0,0.5499314104077407
6.718631,-3.054326,0.0,0.5525605359208928
6.718631,-2.96706,0.0,0.5397447990774358
6.718631,-2.879793,0.0,0.5488926786964485
6.718631,-2.792527,0.0,0.5624273702911735
6.718631,-2.705261,0.0,0.555605968234971
6.718631,-2.617994,0.0,0.5276845536611741
6.718631,-2.530728,0.0,0.5040233664531646
6.71863,-2.443461,0.0,0.5115688738891336
6.718631,-2.356195,0.0,0.5276238465051966
6.718631,-2.268928,0.0,0.5077440418303013
6.718631,-2.181662,0.0,0.5421620938405611
6.718631,-2.094395,0.0,0.5349408096406041
6.718631,-2.007129,0.0,0.549158863441384
6.718631,-1.919862,0.0,0.5416504644904803
6.718631,-1.832596,0.0,0.5767160410605146
6.718631,-1.745329,0.0,0.5013670134620447
6.718631,-1.658063,0.0,0.5005180487132422
6.477075,-1.570796,0.0,0.5653750903463322
6.477075,-1.48353,0.0,0.5368256399333413
6.477075,-1.396263,0.0,0.5056799489811221
6.477075,-1.308997,0.0,0.5045951087669424
6.477075,-1.22173,0.0,0.5002628093715152
6.477075,-1.134464,0.0,0.5000242436363813
6.477075,-1.047198,0.0,0.5001179529579645
6.477075,-0.9599311,0.0,0.5000000498067073
6.477075,-0.8726647,0.0,0.5000000036476407
6.477075,-0.7853982,0.0,0.5000000035094911
6.477075,-0.6981317,0.0,0.4999999726142765
6.477075,-0.6108652,0.0,0.5000002495160215
6.477075,-0.5235987,0.0,0.49999711887019543
6.477075,-0.4363323,0.0,0.5006670526238672
6.477075,-0.3490659,0.0,0.4999999992932096
6.477075,-0.2617994,0.0,0.5000000027807322
6.477075,-0.174533,0.0,0.5
6.477075,-0.08726652,0.0,0.5
6.477075,4.371139e-08,0.0,0.5
6.477075,0.08726649,0.0,0.5
6.477075,0.1745329,0.0,0.5
6.477075,0.2617994,0.0,0.5
6.477075,0.3490658,0.0,0.5
6.477075,0.4363324,0.0,0.5
6.477075,0.5235988,0.0,0.5000000012730634
6.477075,0.6108652,0.0,0.49999999893507013
6.477075,0.6981317,0.0,0.4999999996377705
6.477075,0.7853982,0.0,0.500002735991477
6.477075,0.8726646,0.0,0.5038743454737679
6.477075,0.9599311,0.0,0.5055539063166866
6.477075,1.047197,0.0,0.5731824934854723
6.477075,1.134464,0.0,0.5573877701979932
6.477075,1.22173,0.0,0.5242536082863808
6.477075,1.308997,0.0,0.5001775965276876
6.477075,1.396263,0.0,0.5294005422257384
6.477075,1.48353,0.0,0.561744228363044
6.477075,1.570796,0.0,0.5351098055569112
6.477075,1.658063,0.0,0.5163481064140797
6.477075,1.745329,0.0,0.534452749796861
6.477075,1.832596,0.0,0.5655920798622851
6.477075,1.919862,0.0,0.5703190675627304
6.477075,2.007129,0.0,0.5438548270001677
6.477075,2.094395,0.0,0.4952616586976391
6.477075,2.181662,0.0,0.5003757739192767
6.477075,2.268928,0.0,0.5509447098466054
6.477075,2.356194,0.0,0.5771908798935408
6.477075,2.443461,0.0,0.5490990291892821
6.477075,2.530728,0.0,0.5458572191300539
6.477075,2.617994,0.0,0.5640337495550863
6.477075,2.705261,0.0,0.5302151467904521
6.477075,2.792527,0.0,0.5510853321078482
6.477075,2.879793,0.0,0.5356599734816634
6.477075,2.96706,0.0,0.5249761401783526
6.477075,3.054326,0.0,0.5610150231667862
6.477075,-3.141593,0.0,0.5399636041141576
6.477075,-3.054326,0.0,0.5395928075739069
6.477075,-2.96706,0.0,0.5410426423250225
6.477075,-2.879793,0.0,0.5642994719382859
6.477075,-2.792527,0.0,0.5523411009005426
6.477075,-2.705261,0.0,0.5225144691558653
6.477075,-2.617994,0.0,0.5382235237312043
6.477075,-2.530728,0.0,0.5280541657829982
6.477075,-2.443461,0.0,0.5057030682453183
6.477075,-2.356195,0.0,0.5322996027752055
6.477075,-2.268928,0.0,0.5394779817496616
6.477075,-2.181662,0.0,0.5388862264265959
6.477075,-2.094395,0.0,0.5254331153894098
6.477075,-2.007129,0.0,0.5530595751376066
6.477075,-1.919862,0.0,0.5586247490258057
6.477075,-1.832596,0.0,0.5370319882943919
6.477075,-1.745329,0.0,0.52010341392533
6.477075,-1.658063,0.0,0.5238312820992257
6.236185,-1.570796,0.0,0.5001140012331872
6.236185,-1.48353,0.0,0.5086958892643452
6.236185,-1.396263,0.0,0.51627893820405
6.236185,-1.308997,0.0,0.5038619218694427
6.236185,-1.22173,0.0,0.5016063208125966
6.236185,-1.134464,0.0,0.5045724612147884
6.236185,-1.047198,0.0,0.500001549459657
6.236185,-0.9599311,0.0,0.5000000295795922
6.236185,-0.8726647,0.0,0.49999996170905714
6.236185,-0.7853982,0.0,0.49999999886752444
6.236185,-0.6981317,0.0,0.5000000548396396
6.236185,-0.6108652,0.0,0.5000030302798194
6.236185,-0.5235987,0.0,0.5000002688925469
6.236185,-0.4363323,0.0,0.4999998743964157
6.236185,-0.3490658,0.0,0.4999999999763192
6.236185,-0.2617994,0.0,0.4999999994497603
6.236185,-0.174533,0.0,0.5
6.236185,-0.08726652,0.0,0.5
6.236185,4.371138e-08,0.0,0.5
6.236185,0.08726649,0.0,0.5
6.236185,0.1745329,0.0,0.5
6.236185,0.2617994,0.0,0.5
6.236185,0.3490658,0.0,0.5
6.236185,0.4363324,0.0,0.5
6.236185,0.5235988,0.0,0.5
6.236185,0.6108652,0.0,0.4999999996364545
6.236185,0.6981317,0.0,0.5000000017911731
6.236185,0.7853982,0.0,0.5000195001054415
6.236185,0.8726646,0.0,0.5000032565029723
6.236185,0.9599311,0.0,0.5206219501793384
6.236185,1.047197,0.0,0.5743778512444186
6.236185,1.134464,0.0,0.5220663137733936
6.236185,1.22173,0.0,0.5002035345053334
6.236185,1.308997,0.0,0.535423983345777
6.236185,1.396263,0.0,0.504331695350821
6.236185,1.48353,0.0,0.5545309420504859
6.236185,1.570796,0.0,0.5044682563204278
6.236185,1.658063,0.0,0.5434018844411754
6.236185,1.745329,0.0,0.5526078132394312
6.236185,1.832596,0.0,0.5403655658303429
6.236185,1.919862,0.0,0.5430909502737192
6.236185,2.007129,0.0,0.5361590505053172
6.236185,2.094395,0.0,0.5056336154265904
6.236185,2.181662,0.0,0.5136023806327905
6.236185,2.268928,0.0,0.5562467546776269
6.236185,2.356194,0.0,0.5692501964975194
6.236185,2.443461,0.0,0.5407874347445604
6.236185,2.530728,0.0,0.5483356666279051
6.236185,2.617994,0.0,0.5580006904671866
6.236185,2.705261,0.0,0.5190001599490642
6.236185,2.792527,0.0,0.5751193226527549
6.236185,2.879793,0.0,0.5514553167100966
6.236185,2.96706,0.0,0.5564681387149217
6.236185,3.054326,0.0,0.5349292384331842
6.236185,-3.141593,0.0,0.558528900534705
6.236185,-3.054326,0.0,0.5657612642273111
6.236185,-2.96706,0.0,0.5610208924385791
6.236185,-2.879793,0.0,0.5680786811532486
6.236185,-2.792527,0.0,0.537175656347118
6.236185,-2.705261,0.0,0.5433079197753752
6.236185,-2.617994,0.0,0.5490403591863846
6.236185,-2.530728,0.0,0.5410563765879438
6.236185,-2.443461,0.0,0.536333723510212
6.236185,-2.356195,0.0,0.5433401636394077
6.236185,-2.268928,0.0,0.5316378830933055
6.236185,-2.181662,0.0,0.5480263016400799
6.236185,-2.094395,0.0,0.5403077493591306
6.236185,-2.007129,0.0,0.5632135793899682
6.236185,-1.919862,0.0,0.5436523203669408
6.236185,-1.832596,0.0,0.547819258415297
6.236185,-1.745329,0.0,0.5404394462803879
6.236185,-1.658063,0.0,0.5120608016466703
5.99604,-1.570796,0.0,0.5287474971947186
5.996041,-1.48353,0.0,0.5409072681805296
5.99604,-1.396263,0.0,0.5106769129633904
5.99604,-1.308997,0.0,0.5179842188954353
5.99604,-1.22173,0.0,0.5158279441297055
5.99604,-1.134464,0.0,0.5254510478007834
5.99604,-1.047198,0.0,0.5000018050727698
5.996041,-0.9599311,0.0,0.5000000039542957
5.99604,-0.8726647,0.0,0.5000000222682176
5.99604,-0.7853982,0.0,0.5000000791021927
5.99604,-0.6981317,0.0,0.5000101667799407
5.996041,-0.6108652,0.0,0.4999999382043768
5.99604,-0.5235987,0.0,0.5000729525485438
5.99604,-0.4363323,0.0,0.500018510244021
5.99604,-0.3490659,0.0,0.5000001887150574
5.99604,-0.2617994,0.0,0.4999999986205764
5.99604,-0.174533,0.0,0.5
5.996041,-0.08726652,0.0,0.5
5.99604,4.371139e-08,0.0,0.5
5.996041,0.08726648,0.0,0.5
5.99604,0.1745329,0.0,0.5
5.99604,0.2617994,0.0,0.5
5.99604,0.3490658,0.0,0.5
5.99604,0.4363324,0.0,0.5
5.996041,0.5235988,0.0,0.5
5.99604,0.6108653,0.0,0.5000000142915022
5.99604,0.6981317,0.0,0.5000006775576936
5.99604,0.7853982,0.0,0.5000000072016657
5.99604,0.8726646,0.0,0.5001601665688346
5.996041,0.9599311,0.0,0.5291957214474678
5.996041,1.047198,0.0,0.5507970433943742
5.99604,1.134464,0.0,0.5080824612772492
5.99604,1.22173,0.0,0.5288659311830998
5.99604,1.308997,0.0,0.5273004278540612
5.99604,1.396263,0.0,0.5680590982041802
5.99604,1.48353,0.0,0.501408173965511
5.99604,1.570796,0.0,0.5843935387664883
5.996041,1.658063,0.0,0.5620379608298038
5.99604,1.745329,0.0,0.5642189805381252
5.99604,1.832596,0.0,0.5296063179951289
5.99604,1.919862,0.0,0.5624978677812025
5.99604,2.007129,0.0,0.5605212568290403
5.99604,2.094395,0.0,0.5218428443579519
5.99604,2.181662,0.0,0.555224529445433
5.99604,2.268928,0.0,0.5198168329894542
5.99604,2.356194,0.0,0.5698877348793026
5.99604,2.443461,0.0,0.5535351659124149
5.99604,2.530728,0.0,0.5155994176864624
5.99604,2.617994,0.0,0.530918207171049
5.99604,2.705261,0.0,0.5424969966645762
5.996041,2.792527,0.0,0.5579133849033088
5.99604,2.879793,0.0,0.57332508570182
5.996041,2.96706,0.0,0.539141319141808
5.996041,3.054326,0.0,0.5482023023127007
5.99604,-3.141593,0.0,0.5243026451035275
5.996041,-3.054326,0.0,0.5435536441434098
5.99604,-2.96706,0.0,0.5694915355155028
5.99604,-2.879793,0.0,0.5791904022382418
5.99604,-2.792527,0.0,0.5776166254110318
5.99604,-2.705261,0.0,0.5937644425399451
5.99604,-2.617994,0.0,0.556397684218997
5.99604,-2.530728,0.0,0.5377615285317229
5.99604,-2.443461,0.0,0.5460281524392605
5.99604,-2.356195,0.0,0.5484491204193875
5.99604,-2.268928,0.0,0.5318391031325544
5.99604,-2.181662,0.0,0.5363647432223086
5.99604,-2.094395,0.0,0.5527473701709636
5.99604,-2.007129,0.0,0.576342872477611
5.99604,-1.919862,0.0,0.5746425636484243
5.99604,-1.832596,0.0,0.5513990523090617
5.99604,-1.745329,0.0,0.5515344124399462
5.99604,-1.658063,0.0,0.5262048002269992
5.756735,-1.570796,0.0,0.5472296703389612
5.756735,-1.48353,0.0,0.551653911699868
5.756735,-1.396263,0.0,0.5417328280481049
5.756735,-1.308997,0.0,0.500014564493611
5.756735,-1.22173,0.0,0.5052456071182251
5.756735,-1.134464,0.0,0.49996418663177056
5.756735,-1.047198,0.0,0.5000438741605335
5.756735,-0.9599311,0.0,0.5000000027087748
5.756735,-0.8726646,0.0,0.5000000126050355
5.756735,-0.7853982,0.0,0.500465252649275
5.756735,-0.6981317,0.0,0.5001727851254734
5.756735,-0.6108652,0.0,0.5000002345261497
5.756735,-0.5235987,0.0,0.5030721180076351
5.756735,-0.4363323,0.0,0.5039066558026737
5.756735,-0.3490659,0.0,0.5000000532844381
5.756735,-0.2617994,0.0,0.500000004957878
5.756735,-0.174533,0.0,0.5000000037542116
5.756735,-0.08726652,0.0,0.5
5.756735,4.371139e-08,0.0,0.5
5.756735,0.08726648,0.0,0.5
5.756735,0.1745329,0.0,0.5
5.756735,0.2617994,0.0,0.5
5.756735,0.3490658,0.0,0.5
5.756735,0.4363324,0.0,0.5
5.756735,0.5235988,0.0,0.49999999984936294
5.756735,0.6108653,0.0,0.5
5.756735,0.6981317,0.0,0.5000018872488885
5.756735,0.7853982,0.0,0.5000006063901824
5.756735,0.8726646,0.0,0.5007067930168543
5.756735,0.9599311,0.0,0.5416949402718729
5.756735,1.047197,0.0,0.5994965377084924
5.756735,1.134464,0.0,0.6020628717184788
5.756735,1.22173,0.0,0.5873318659836018
5.756735,1.308997,0.0,0.5598047036399763
5.756735,1.396263,0.0,0.5903919012770056
5.756735,1.48353,0.0,0.5898990588352229
5.756735,1.570796,0.0,0.5359385912492154
5.756735,1.658063,0.0,0.5694023314730425
5.756735,1.745329,0.0,0.5970134897425408
5.756735,1.832596,0.0,0.585582474867862
5.756735,1.919862,0.0,0.5697377629725774
5.756735,2.007129,0.0,0.559271578373331
5.756735,2.094395,0.0,0.5244426155903394
5.756735,2.181662,0.0,0.5233394904117099
5.756735,2.268928,0.0,0.5612251056910886
5.756735,2.356194,0.0,0.5728649734089353
5.756735,2.443461,0.0,0.572102613018851
5.756735,2.530728,0.0,0.5626749836179532
5.756735,2.617994,0.0,0.5736779712095674
5.756735,2.705261,0.0,0.5909593794518205
5.756735,2.792527,0.0,0.5914848201616951
5.756735,2.879793,0.0,0.581769973355676
5.756735,2.96706,0.0,0.5869461336753666
5.756735,3.054326,0.0,0.5910046210157971
5.756735,-3.141593,0.0,0.5264455087482929
5.756735,-3.054326,0.0,0.5776846249770111
5.756735,-2.96706,0.0,0.5827510498591167
5.756735,-2.879793,0.0,0.5955244688526046
5.756735,-2.792527,0.0,0.5858092101189152
5.756735,-2.705261,0.0,0.5527236634738443
5.756735,-2.617994,0.0,0.5664345923166916
5.756735,-2.530728,0.0,0.5666853498278845
5.756735,-2.443461,0.0,0.5645888478093788
5.756735,-2.356195,0.0,0.5339272924549354
5.756735,-2.268928,0.0,0.5334201258225333
5.756735,-2.181662,0.0,0.5362861481999025
5.756735,-2.094395,0.0,0.5405478450286494
5.756735,-2.007129,0.0,0.5470346693671556
5.756735,-1.919862,0.0,0.5530753774996793
5.756735,-1.832596,0.0,0.5241731248096857
5.756735,-1.745329,0.0,0.5110589288175106
5.756735,-1.658063,0.0,0.5323629583077172
5.518378,-1.570796,0.0,0.5501225988700831
5.518379,-1.48353,0.0,0.564994428942666
5.518378,-1.396263,0.0,0.5327837896151935
5.518379,-1.308997,0.0,0.5490771445454271
5.518378,-1.22173,0.0,0.55788231227472
5.518378,-1.134464,0.0,0.5306927782288343
5.518378,-1.047198,0.0,0.5003436898861429
5.518378,-0.9599311,0.0,0.500174248301108
5.518378,-0.8726646,0.0,0.49999988829535136
5.518378,-0.7853982,0.0,0.5000608316506433
5.518378,-0.6981317,0.0,0.500001289100983
5.518378,-0.6108652,0.0,0.5000717692077284
5.518379,-0.5235987,0.0,0.5000175211796033
5.518379,-0.4363323,0.0,0.5000016471494944
5.518378,-0.3490658,0.0,0.5000000990786814
5.518379,-0.2617994,0.0,0.500000084223572
5.518378,-0.174533,0.0,0.5
5.518379,-0.08726652,0.0,0.5
5.518378,4.371139e-08,0.0,0.5
5.518379,0.08726648,0.0,0.5
5.518378,0.1745329,0.0,0.5
5.518379,0.2617994,0.0,0.5
5.518378,0.3490658,0.0,0.5
5.518378,0.4363324,0.0,0.5
5.518378,0.5235988,0.0,0.500000001319669
5.518378,0.6108652,0.0,0.500000050491844
5.518378,0.6981317,0.0,0.5000000275922228
5.518378,0.7853982,0.0,0.5000008034806754
5.518378,0.8726646,0.0,0.5001823829801223
5.518378,0.9599311,0.0,0.5314918622374535
5.518378,1.047197,0.0,0.5405935630202293
5.518378,1.134464,0.0,0.5338438227772713
5.518379,1.22173,0.0,0.6073054634723062
5.518379,1.308997,0.0,0.5280208520591259
5.518378,1.396263,0.0,0.5897004627499809
5.518378,1.48353,0.0,0.5576962816756013
5.518378,1.570796,0.0,0.5785607709643665
5.518379,1.658063,0.0,0.5750583730090835
5.518378,1.745329,0.0,0.5937096816401519
5.518379,1.832596,0.0,0.5717734830993867
5.518378,1.919862,0.0,0.5750221586814914
5.518379,2.007129,0.0,0.5622867585082996
5.518378,2.094395,0.0,0.5312980153397598
5.518378,2.181662,0.0,0.5241751988726475
5.518379,2.268928,0.0,0.5818218194254586
5.518378,2.356194,0.0,0.5620350849949325
5.518378,2.443461,0.0,0.5644904078239978
5.518378,2.530728,0.0,0.5679763880696836
5.518378,2.617994,0.0,0.5531944894300379
5.518379,2.705261,0.0,0.5921384257156652
5.518378,2.792527,0.0,0.555712145741327
5.518378,2.879793,0.0,0.5912612945147606
5.518379,2.96706,0.0,0.5950690014098021
5.518379,3.054326,0.0,0.5898940393702341
5.518378,-3.141593,0.0,0.6031140345104318
5.518379,-3.054326,0.0,0.5882495638990396
5.518378,-2.96706,0.0,0.574078018205161
5.518378,-2.879793,0.0,0.5656328182656757
5.518378,-2.792527,0.0,0.5906264013697481
5.518379,-2.705261,0.0,0.5840634250985945
5.518378,-2.617994,0.0,0.5708057247429672
5.518378,-2.530728,0.0,0.5712091570615938
5.518378,-2.443461,0.0,0.5727040888842042
5.518378,-2.356195,0.0,0.5604160468661947
5.518378,-2.268928,0.0,0.5554623906835517
5.518378,-2.181662,0.0,0.5481781441687631
5.518378,-2.094395,0.0,0.5310963438584153
5.518378,-2.007129,0.0,0.5587253282734685
5.518378,-1.919862,0.0,0.5968859360114656
5.518378,-1.832596,0.0,0.5469204718594158
5.518378,-1.745329,0.0,0.5174877059281839
5.518378,-1.658063,0.0,0.5341482793558878
5.281098,-1.570796,0.0,0.6049193146418171
5.281098,-1.48353,0.0,0.5534277547448616
5.281098,-1.396263,0.0,0.5354192064683869
5.281098,-1.308997,0.0,0.5304216804926078
5.281098,-1.22173,0.0,0.6066752364278999
5.281098,-1.134464,0.0,0.5001354792127636
5.281098,-1.047198,0.0,0.5001291478210168
5.281098,-0.9599311,0.0,0.5004400358373557
5.281098,-0.8726646,0.0,0.5000107518876623
5.281098,-0.7853982,0.0,0.5007940414297476
5.281098,-0.6981317,0.0,0.5007153028829733
5.281098,-0.6108652,0.0,0.5006146152400325
5.281098,-0.5235987,0.0,0.5001414194258448
5.281098,-0.4363323,0.0,0.5000029544899435
5.281098,-0.3490659,0.0,0.5000005222833905
5.281098,-0.2617994,0.0,0.5000038868127751
5.281098,-0.174533,0.0,0.5000000013565565
5.281099,-0.08726652,0.0,0.5
5.281098,4.371139e-08,0.0,0.5
5.281099,0.08726648,0.0,0.5
5.281098,0.1745329,0.0,0.5
5.281098,0.2617994,0.0,0.5
5.281098,0.3490658,0.0,0.5
5.281098,0.4363324,0.0,0.5
5.281098,0.5235988,0.0,0.5
5.281098,0.6108653,0.0,0.5000000001879534
5.281098,0.6981317,0.0,0.5000000117297044
5.281098,0.7853982,0.0,0.5000925944796696
5.281098,0.8726646,0.0,0.5008199986281799
5.281098,0.9599311,0.0,0.5602864370277957
5.281098,1.047197,0.0,0.629566875921061
5.281098,1.134464,0.0,0.6367306971991584
5.281098,1.22173,0.0,0.5942952488915563
5.281098,1.308997,0.0,0.5740069074561449
5.281098,1.396263,0.0,0.6029234278905823
5.281098,1.48353,0.0,0.6178780508247754
5.281098,1.570796,0.0,0.6015842598719319
5.281099,1.658063,0.0,0.5934337729307769
5.281098,1.745329,0.0,0.5830651841556551
5.281098,1.832596,0.0,0.5774640864934139
5.281098,1.919862,0.0,0.5567712591456302
5.281098,2.007129,0.0,0.5397397956406329
5.281098,2.094395,0.0,0.5507738814239511
5.281098,2.181662,0.0,0.5275363850692691
5.281098,2.268928,0.0,0.5712707948648474
5.281098,2.356194,0.0,0.5689775231510351
5.281098,2.443461,0.0,0.586071793760261
5.281098,2.530727,0.0,0.5957146548794761
5.281098,2.617994,0.0,0.6144329489548868
5.281098,2.705261,0.0,0.5972769432166753
5.281098,2.792527,0.0,0.5906859952739887
5.281098,2.879793,0.0,0.5894238106782347
5.281098,2.96706,0.0,0.5813563000414157
5.281098,3.054326,0.0,0.5877843236603406
5.281098,-3.141593,0.0,0.5787048519109568
5.281098,-3.054326,0.0,0.5839902745420869
5.281098,-2.96706,0.0,0.5823723041390017
5.281098,-2.879793,0.0,0.6099718419126796
5.281098,-2.792527,0.0,0.6165467697405016
5.281098,-2.705261,0.0,0.59346016048531
5.281098,-2.617994,0.0,0.5917439443984187
5.281098,-2.530727,0.0,0.5882473382510423
5.281098,-2.443461,0.0,0.5706900693453217
5.281098,-2.356195,0.0,0.5723736283639576
5.281098,-2.268928,0.0,0.5579977257471531
5.281098,-2.181662,0.0,0.5620525090837349
5.281099,-2.094395,0.0,0.5680803125073941
5.281098,-2.007129,0.0,0.5709280521247743
5.281099,-1.919862,0.0,0.5610338387394145
5.281098,-1.832596,0.0,0.5733883082866051
5.281099,-1.745329,0.0,0.5454291249019507
5.281098,-1.658063,0.0,0.5672873651087247
5.045047,-1.570796,0.0,0.5758403182536012
5.045047,-1.48353,0.0,0.5813782068671873
5.045047,-1.396263,0.0,0.5451058450290452
5.045047,-1.308997,0.0,0.5510152917033315
5.045047,-1.22173,0.0,0.5908835299429869
5.045047,-1.134464,0.0,0.5010350716203616
5.045047,-1.047198,0.0,0.5034820250623462
5.045047,-0.9599311,0.0,0.5002081916055763
5.045047,-0.8726646,0.0,0.5000069991228056
5.045047,-0.7853982,0.0,0.5008742668898812
5.045047,-0.6981317,0.0,0.5065343923866749
5.045047,-0.6108652,0.0,0.5000701482163936
5.045047,-0.5235987,0.0,0.5096332177519798
5.045047,-0.4363323,0.0,0.5246142645664776
5.045047,-0.3490659,0.0,0.5050513858803363
5.045047,-0.2617994,0.0,0.5003277384130185
5.045047,-0.174533,0.0,0.5000000068941634
5.045047,-0.08726652,0.0,0.5
5.045047,4.371139e-08,0.0,0.5
5.045047,0.08726648,0.0,0.5
5.045047,0.1745329,0.0,0.5
5.045047,0.2617994,0.0,0.5
5.045047,0.3490658,0.0,0.5000000011275191
5.045047,0.4363324,0.0,0.5
5.045047,0.5235988,0.0,0.5
5.045047,0.6108653,0.0,0.5000000085473675
5.045047,0.6981317,0.0,0.5000000763005346
5.045047,0.7853982,0.0,0.5001655655864415
5.045047,0.8726646,0.0,0.5239831164479256
5.045047,0.9599311,0.0,0.5802290501686688
5.045047,1.047197,0.0,0.6319832378490831
5.045047,1.134464,0.0,0.6265342294497711
5.045047,1.22173,0.0,0.6150850565461803
5.045047,1.308997,0.0,0.5675142434728854
5.045047,1.396263,0.0,0.6189879215594293
5.045047,1.48353,0.0,0.5830791235367593
5.045047,1.570796,0.0,0.5743517209489823
5.045047,1.658063,0.0,0.5754059705141441
5.045047,1.745329,0.0,0.5934305139770034
5.045047,1.832596,0.0,0.5884471896939913
5.045047,1.919862,0.0,0.5871481579474571
5.045047,2.007129,0.0,0.5687583132843084
5.045047,2.094395,0.0,0.5581950108563882
5.045047,2.181662,0.0,0.5588299774584983
5.045047,2.268928,0.0,0.5833404088780876
5.045047,2.356194,0.0,0.6042087411388034
5.045047,2.443461,0.0,0.5755690491433265
5.045047,2.530728,0.0,0.6021844164762318
5.045047,2.617994,0.0,0.6018224756542878
5.045047,2.705261,0.0,0.5780146940236459
5.045047,2.792527,0.0,0.6066762366911502
5.045047,2.879793,0.0,0.6229908497653087
5.045047,2.96706,0.0,0.5720932593537311
5.045047,3.054326,0.0,0.5787242033488703
5.045047,-3.141593,0.0,0.6003866785212209
5.045047,-3.054326,0.0,0.5838327739700323
5.045047,-2.96706,0.0,0.5921097348460299
5.045047,-2.879793,0.0,0.5913282281261691
5.045047,-2.792527,0.0,0.6023287969623998
5.045047,-2.705261,0.0,0.6219828098846251
5.045047,-2.617994,0.0,0.6156649908002862
5.045047,-2.530728,0.0,0.598905424900998
5.045047,-2.443461,0.0,0.618023927060172
5.045047,-2.356195,0.0,0.5625997023195534
5.045047,-2.268928,0.0,0.5793496407935186
5.045047,-2.181662,0.0,0.5681846754708049
5.045047,-2.094395,0.0,0.5604446586012466
5.045047,-2.007129,0.0,0.5578489437906085
5.045047,-1.919862,0.0,0.5517709331872143
5.045047,-1.832596,0.0,0.5707548342723642
5.045047,-1.745329,0.0,0.5391039351501445
5.045047,-1.658063,0.0,0.5643335439482519
4.810405,-1.570796,0.0,0.5881621416503455
4.810406,-1.48353,0.0,0.5776572747193536
4.810405,-1.396263,0.0,0.5722891840853509
4.810406,-1.308997,0.0,0.5827907952056468
4.810405,-1.22173,0.0,0.6154886917846027
4.810405,-1.134464,0.0,0.571892722090279
4.810405,-1.047198,0.0,0.5018559153804963
4.810405,-0.9599311,0.0,0.5001621310597597
4.810405,-0.8726647,0.0,0.5006667478833827
4.810405,-0.7853982,0.0,0.5005446555165426
4.810405,-0.6981317,0.0,0.5370480246439205
4.810405,-0.6108652,0.0,0.5343433809916754
4.810405,-0.5235987,0.0,0.5259227396113106
4.810406,-0.4363323,0.0,0.5384221728929237
4.810405,-0.3490658,0.0,0.5000923447479694
4.810406,-0.2617994,0.0,0.5000045781556647
4.810405,-0.174533,0.0,0.5000000398123935
4.810406,-0.08726652,0.0,0.5
4.810405,4.371139e-08,0.0,0.5
4.810406,0.08726648,0.0,0.5
4.810405,0.1745329,0.0,0.5
4.810406,0.2617994,0.0,0.5
4.810405,0.3490658,0.0,0.5
4.810405,0.4363324,0.0,0.5
4.810405,0.5235988,0.0,0.5000000001804924
4.810405,0.6108653,0.0,0.5000000075988876
4.810405,0.6981317,0.0,0.5000169479289053
4.810405,0.7853982,0.0,0.500003222726559
4.810405,0.8726646,0.0,0.501113247532672
4.810405,0.9599311,0.0,0.6157524463177539
4.810405,1.047197,0.0,0.6487375569365474
4.810405,1.134464,0.0,0.6515283158460574
4.810405,1.22173,0.0,0.6068206104296825
4.810406,1.308997,0.0,0.6069030165732194
4.810406,1.396263,0.0,0.639075067640966
4.810405,1.48353,0.0,0.6244781412167836
4.810405,1.570796,0.0,0.5885270343450442
4.810406,1.658063,0.0,0.6294207965945942
4.810405,1.745329,0.0,0.6100221221487204
4.810406,1.832596,0.0,0.5915976249214425
4.810405,1.919862,0.0,0.5781309291764496
4.810406,2.007129,0.0,0.5653206283050995
4.810405,2.094395,0.0,0.5669443767485358
4.810405,2.181662,0.0,0.5772284381223407
4.810406,2.268928,0.0,0.5638102174800557
4.810405,2.356194,0.0,0.6246205871877886
4.810406,2.443461,0.0,0.5692388496637444
4.810405,2.530728,0.0,0.5985577274096855
4.810405,2.617994,0.0,0.5830532181443545
4.810406,2.705261,0.0,0.5888667714628559
4.810406,2.792527,0.0,0.6030447600686963
4.810405,2.879793,0.0,0.6031600535587067
4.810405,2.96706,0.0,0.6108665904526658
4.810406,3.054326,0.0,0.5867661040663552
4.810405,-3.141593,0.0,0.5896551482163402
4.810406,-3.054326,0.0,0.629154607525836
4.810405,-2.96706,0.0,0.6107519855022141
4.810405,-2.879793,0.0,0.6415699306861449
4.810405,-2.792527,0.0,0.6068554700932592
4.810406,-2.705261,0.0,0.6300432813458442
4.810405,-2.617994,0.0,0.5996458373783375
4.810405,-2.530728,0.0,0.6018403980194226
4.810405,-2.443461,0.0,0.6142593221186923
4.810405,-2.356195,0.0,0.6143800279219063
4.810405,-2.268928,0.0,0.5880292919799144
4.810405,-2.181662,0.0,0.5853083321255168
4.810406,-2.094395,0.0,0.5904859647453335
4.810405,-2.007129,0.0,0.5859067219140901
4.810406,-1.919862,0.0,0.5587638827502179
4.810405,-1.832596,0.0,0.566570942370797
4.810406,-1.745329,0.0,0.5424021307055809
4.810405,-1.658063,0.0,0.5920090833210518
4.57739,-1.570796,0.0,0.5808265727625522
4.57739,-1.48353,0.0,0.5757903930314368
4.57739,-1.396263,0.0,0.5447858795379636
4.57739,-1.308997,0.0,0.57744515688077
4.57739,-1.22173,0.0,0.6167876543993154
4.57739,-1.134464,0.0,0.5935013845975761
4.57739,-1.047198,0.0,0.5566023698297929
4.57739,-0.9599311,0.0,0.5013260744334453
4.57739,-0.8726646,0.0,0.5009579117743358
4.57739,-0.7853982,0.0,0.538673392289348
4.57739,-0.6981317,0.0,0.5629502532007922
4.57739,-0.6108652,0.0,0.5222772404551506
4.57739,-0.5235987,0.0,0.5510129789320668
4.57739,-0.4363323,0.0,0.5730563930796093
4.57739,-0.3490659,0.0,0.541506635139297
4.57739,-0.2617994,0.0,0.5000178357225467
4.57739,-0.174533,0.0,0.5000000070131404
4.57739,-0.08726652,0.0,0.5
4.57739,4.371139e-08,0.0,0.5
4.57739,0.08726649,0.0,0.5
4.57739,0.1745329,0.0,0.5
4.57739,0.2617994,0.0,0.5
4.57739,0.3490658,0.0,0.5
4.57739,0.4363324,0.0,0.4999999993176727
4.57739,0.5235988,0.0,0.5
4.57739,0.6108652,0.0,0.49999999992030275
4.57739,0.6981317,0.0,0.500000478067808
4.57739,0.7853982,0.0,0.5000182267600843
4.57739,0.8726646,0.0,0.5086046440176515
4.57739,0.9599311,0.0,0.5325409971177578
4.57739,1.047197,0.0,0.6606837460479311
4.57739,1.134464,0.0,0.6780944839298925
4.57739,1.22173,0.0,0.6442469943421735
4.57739,1.308997,0.0,0.6421855267099728
4.57739,1.396263,0.0,0.6378987556770359
4.57739,1.48353,0.0,0.6518771174737089
4.57739,1.570796,0.0,0.5973838899019035
4.57739,1.658063,0.0,0.6122303502499316
4.57739,1.745329,0.0,0.6418496617131324
4.57739,1.832596,0.0,0.6219692375021368
4.57739,1.919862,0.0,0.571040265359074
4.57739,2.007129,0.0,0.5753006329857877
4.57739,2.094395,0.0,0.5902023384215419
4.57739,2.181662,0.0,0.5962072871872919
4.57739,2.268928,0.0,0.5814108075795155
4.57739,2.356194,0.0,0.5874232214191
4.57739,2.443461,0.0,0.5922525261895437
4.57739,2.530728,0.0,0.6205774847541494
4.57739,2.617994,0.0,0.6062027645028163
4.57739,2.705261,0.0,0.6226849748148795
4.57739,2.792527,0.0,0.5871010484883056
4.57739,2.879793,0.0,0.6157524978316501
4.57739,2.96706,0.0,0.6101342294933866
4.57739,3.054326,0.0,0.5997102818228763
4.57739,-3.141593,0.0,0.6126724855365525
4.57739,-3.054326,0.0,0.6231264310343174
4.57739,-2.96706,0.0,0.6293829582777706
4.57739,-2.879793,0.0,0.6587017244711617
4.57739,-2.792527,0.0,0.6095300199785744
4.57739,-2.705261,0.0,0.5966788930582804
4.57739,-2.617994,0.0,0.6331664369180955
4.57739,-2.530728,0.0,0.6251187852951914
4.57739,-2.443461,0.0,0.6204110684427628
4.57739,-2.356195,0.0,0.616330584140851
4.57739,-2.268928,0.0,0.6069866156341776
4.57739,-2.181662,0.0,0.6124504995247355
4.57739,-2.094395,0.0,0.6066214559976777
4.57739,-2.007129,0.0,0.6199324470424059
4.57739,-1.919862,0.0,0.5423127450868286
4.57739,-1.832596,0.0,0.5603606647685415
4.57739,-1.745329,0.0,0.5448558069666277
4.57739,-1.658063,0.0,0.5988522539004697
4.346263,-1.570796,0.0,0.5658139165295513
4.346263,-1.48353,0.0,0.5796777024101724
4.346263,-1.396263,0.0,0.5893410393893599
4.346263,-1.308997,0.0,0.5676340760811454
4.346263,-1.22173,0.0,0.6166610793407119
4.346262,-1.134464,0.0,0.5905431714578535
4.346263,-1.047198,0.0,0.5727335128794853
4.346263,-0.9599311,0.0,0.5184321664273739
4.346262,-0.8726646,0.0,0.5179405406117439
4.346263,-0.7853982,0.0,0.5503857801698833
4.346263,-0.6981317,0.0,0.5093435810624904
4.346263,-0.6108652,0.0,0.5237786114215851
4.346263,-0.5235987,0.0,0.5435800765079819
4.346263,-0.4363323,0.0,0.5564575377441572
4.346263,-0.3490659,0.0,0.5682220969217531
4.346263,-0.2617994,0.0,0.5001646205914991
4.346263,-0.174533,0.0,0.5
4.346263,-0.08726652,0.0,0.5
4.346263,4.371139e-08,0.0,0.5
4.346263,0.08726648,0.0,0.5
4.346263,0.1745329,0.0,0.5
4.346263,0.2617994,0.0,0.5
4.346263,0.3490658,0.0,0.5
4.346263,0.4363324,0.0,0.5
4.346263,0.5235988,0.0,0.5
4.346262,0.6108653,0.0,0.5000000011241756
4.346263,0.6981317,0.0,0.5000003359251858
4.346263,0.7853982,0.0,0.5000191881109789
4.346263,0.8726646,0.0,0.5022289221787675
4.346263,0.9599311,0.0,0.645396435094348
4.346263,1.047197,0.0,0.6066905928424318
4.346263,1.134464,0.0,0.6374130686292702
4.346263,1.22173,0.0,0.6355512795749196
4.346263,1.308997,0.0,0.6362287743258617
4.346263,1.396263,0.0,0.6596510006366602
4.346262,1.48353,0.0,0.6679722898108887
4.346263,1.570796,0.0,0.602213370072888
4.346263,1.658063,0.0,0.6576213530171022
4.346263,1.745329,0.0,0.6380714050857434
4.346263,1.832596,0.0,0.619150136210569
4.346263,1.919862,0.0,0.5784469401068392
4.346263,2.007129,0.0,0.6116730907890986
4.346262,2.094395,0.0,0.5821182060545501
4.346263,2.181662,0.0,0.5925301981178647
4.346263,2.268928,0.0,0.578747101794973
4.346263,2.356194,0.0,0.6057793419694619
4.346263,2.443461,0.0,0.6114447237865126
4.346263,2.530728,0.0,0.6133572857524212
4.346263,2.617994,0.0,0.6203004754630213
4.346263,2.705261,0.0,0.621220783772051
4.346263,2.792527,0.0,0.6406390919450888
4.346263,2.879793,0.0,0.6521096768623437
4.346263,2.96706,0.0,0.6384862129569269
4.346263,3.054326,0.0,0.6134848815546556
4.346263,-3.141593,0.0,0.6350760158541285
4.346263,-3.054326,0.0,0.6331827820866123
4.346262,-2.96706,0.0,0.6372246750045079
4.346263,-2.879793,0.0,0.6432571201769637
4.346263,-2.792527,0.0,0.6289912776633472
4.346263,-2.705261,0.0,0.6259518455916491
4.346263,-2.617994,0.0,0.6453467722833626
4.346263,-2.530728,0.0,0.6313510326437688
4.346263,-2.443461,0.0,0.6637204124703382
4.346263,-2.356195,0.0,0.631255397560335
4.346263,-2.268928,0.0,0.6316519907806808
4.346263,-2.181662,0.0,0.6264635778986736
4.346263,-2.094395,0.0,0.6098863437036506
4.346263,-2.007129,0.0,0.619298134530771
4.346263,-1.919862,0.0,0.5847784990175002
4.346263,-1.832596,0.0,0.5708965772189538
4.346263,-1.745329,0.0,0.5802891218247138
4.346263,-1.658063,0.0,0.5471168630454092
4.117342,-1.570796,0.0,0.5822764300226764
4.117342,-1.48353,0.0,0.5799846492494592
4.117341,-1.396263,0.0,0.6065312461490375
4.117341,-1.308997,0.0,0.5905084797546168
4.117342,-1.22173,0.0,0.6010746600127854
4.117341,-1.134464,0.0,0.5610068965453368
4.117342,-1.047198,0.0,0.5208690479397774
4.117342,-0.9599311,0.0,0.5191520482301712
4.117341,-0.8726646,0.0,0.5331566503920668
4.117342,-0.7853982,0.0,0.5766328442318012
4.117342,-0.6981317,0.0,0.5014276397205121
4.117342,-0.6108652,0.0,0.5066781889777108
4.117342,-0.5235987,0.0,0.5508683823441332
4.117342,-0.4363323,0.0,0.5929737899683978
4.117342,-0.3490659,0.0,0.5313097478773869
4.117342,-0.2617994,0.0,0.5000000589825725
4.117342,-0.174533,0.0,0.5000000021040192
4.117342,-0.08726652,0.0,0.500000003155039
4.117342,4.371139e-08,0.0,0.5
4.117342,0.08726648,0.0,0.5
4.117341,0.1745329,0.0,0.5
4.117341,0.2617994,0.0,0.5
4.117342,0.3490658,0.0,0.5
4.117342,0.4363324,0.0,0.4999999993772731
4.117342,0.5235988,0.0,0.5000000037303237
4.117342,0.6108653,0.0,0.5000000037377927
4.117342,0.6981317,0.0,0.5000000222175988
4.117342,0.7853982,0.0,0.5003983928939965
4.117342,0.8726646,0.0,0.5000063249755621
4.117342,0.9599311,0.0,0.5569865573845252
4.117342,1.047197,0.0,0.6433268287738798
4.117342,1.134464,0.0,0.627258486452954
4.117342,1.22173,0.0,0.6267409055316536
4.117342,1.308997,0.0,0.6418252200767818
4.117342,1.396263,0.0,0.6568347095412185
4.117341,1.48353,0.0,0.6612538685604492
4.117342,1.570796,0.0,0.6216550615585543
4.117342,1.658063,0.0,0.6271592697579549
4.117342,1.745329,0.0,0.639684694363208
4.117342,1.832596,0.0,0.6235304601950904
4.117342,1.919862,0.0,0.5633691686913096
4.117342,2.007129,0.0,0.5745235301876378
4.117342,2.094395,0.0,0.5983257066116537
4.117342,2.181662,0.0,0.6148821479463532
4.117342,2.268928,0.0,0.6400892739276782
4.117342,2.356194,0.0,0.618683380448265
4.117342,2.443461,0.0,0.630684648750501
4.117342,2.530728,0.0,0.631023540340425
4.117341,2.617994,0.0,0.658410812244884
4.117341,2.705261,0.0,0.6345003256993139
4.117342,2.792527,0.0,0.6447475258502845
4.117342,2.879793,0.0,0.6528519941501342
4.117342,2.96706,0.0,0.6701680944363381
4.117342,3.054326,0.0,0.6183346219203478
4.117342,-3.141593,0.0,0.6473749304568308
4.117342,-3.054326,0.0,0.6683489252317891
4.117341,-2.96706,0.0,0.6443782353409934
4.117341,-2.879793,0.0,0.625271276913297
4.117342,-2.792527,0.0,0.6421031469209211
4.117341,-2.705261,0.0,0.6209482454384103
4.117341,-2.617994,0.0,0.6529439174668931
4.117342,-2.530728,0.0,0.645448909574638
4.117341,-2.443461,0.0,0.656409382230792
4.117342,-2.356195,0.0,0.6462129631031456
4.117342,-2.268928,0.0,0.6603369926277343
4.117342,-2.181662,0.0,0.6443003959241271
4.117342,-2.094395,0.0,0.6280935863442236
4.117342,-2.007129,0.0,0.6261920229786155
4.117342,-1.919862,0.0,0.5589013434584561
4.117341,-1.832596,0.0,0.5749142469083206
4.117342,-1.745329,0.0,0.5952134176954149
4.117342,-1.658063,0.0,0.5641869078543187
3.891015,-1.570796,0.0,0.6033767456120542
3.891015,-1.48353,0.0,0.5980308884258623
3.891015,-1.396263,0.0,0.6186758899235114
3.891015,-1.308997,0.0,0.6077867433442706
3.891015,-1.22173,0.0,0.5738696559273961
3.891015,-1.134464,0.0,0.6077632002264307
3.891015,-1.047198,0.0,0.5591248162419489
3.891016,-0.9599311,0.0,0.5263994991779327
3.891015,-0.8726646,0.0,0.5710020897682309
3.891015,-0.7853982,0.0,0.5842187003480055
3.891015,-0.6981317,0.0,0.528130080550909
3.891016,-0.6108652,0.0,0.5014803625239563
3.891015,-0.5235987,0.0,0.5730463077074605
3.891016,-0.4363323,0.0,0.5573987078184777
3.891015,-0.3490659,0.0,0.5746645813414673
3.891015,-0.2617994,0.0,0.5000000335715683
3.891015,-0.174533,0.0,0.5000000003541674
3.891015,-0.08726652,0.0,0.5
3.891015,4.371139e-08,0.0,0.5
3.891015,0.08726649,0.0,0.5
3.891015,0.1745329,0.0,0.5
3.891015,0.2617994,0.0,0.5
3.891015,0.3490658,0.0,0.5
3.891015,0.4363324,0.0,0.5
3.891015,0.5235988,0.0,0.5
3.891015,0.6108653,0.0,0.5000000021988869
3.891015,0.6981317,0.0,0.5000000467543873
3.891015,0.7853982,0.0,0.5000187345922775
3.891015,0.8726646,0.0,0.5000466053370243
3.891016,0.9599311,0.0,0.5872615442352656
3.891015,1.047197,0.0,0.6822494157391038
3.891015,1.134464,0.0,0.6266539852461507
3.891016,1.22173,0.0,0.651563043881286
3.891015,1.308997,0.0,0.6721144513513855
3.891015,1.396263,0.0,0.6864636382310978
3.891015,1.48353,0.0,0.6706949025651298
3.891015,1.570796,0.0,0.6350144158944402
3.891015,1.658063,0.0,0.6193376283844857
3.891015,1.745329,0.0,0.629070912021775
3.891015,1.832596,0.0,0.6293658092378778
3.891015,1.919862,0.0,0.603764809628274
3.891016,2.007129,0.0,0.5900373001579945
3.891015,2.094395,0.0,0.6354133779663347
3.891015,2.181662,0.0,0.5923942898760303
3.891015,2.268928,0.0,0.6281815770818897
3.891015,2.356194,0.0,0.6367674930676686
3.891015,2.443461,0.0,0.6465097289738845
3.891015,2.530728,0.0,0.6568818651013525
3.891015,2.617994,0.0,0.6568092927195841
3.891015,2.705261,0.0,0.6377158875176802
3.891016,2.792527,0.0,0.6419498591423806
3.891016,2.879793,0.0,0.6359395478525741
3.891015,2.96706,0.0,0.6916516672942401
3.891015,3.054326,0.0,0.6680989656077105
3.891015,-3.141593,0.0,0.6358556226239027
3.891015,-3.054326,0.0,0.651072321851593
3.891015,-2.96706,0.0,0.645645702575458
3.891015,-2.879793,0.0,0.6637667306685245
3.891015,-2.792527,0.0,0.6974713655911353
3.891015,-2.705261,0.0,0.6650170067669574
3.891015,-2.617994,0.0,0.6554016350394729
3.891015,-2.530728,0.0,0.6671922472030123
3.891015,-2.443461,0.0,0.6649526921405894
3.891015,-2.356195,0.0,0.6851613631313129
3.891015,-2.268928,0.0,0.6540275212568056
3.891015,-2.181662,0.0,0.6863492025747249
3.891015,-2.094395,0.0,0.6319650478946772
3.891015,-2.007129,0.0,0.6248611441912568
3.891015,-1.919862,0.0,0.5890258785345241
3.891015,-1.832596,0.0,0.5937684163795036
3.891015,-1.745329,0.0,0.5863141970997191
3.891015,-1.658063,0.0,0.577129475548103
3.667765,-1.570796,0.0,0.6058346061144636
3.667765,-1.48353,0.0,0.6174848055261019
3.667765,-1.396263,0.0,0.6332514932752357
3.667765,-1.308997,0.0,0.5923861771527796
3.667765,-1.22173,0.0,0.6109977282505394
3.667765,-1.134464,0.0,0.6285091320298861
3.667765,-1.047198,0.0,0.6124307153301172
3.667765,-0.9599311,0.0,0.5732612178398799
3.667765,-0.8726647,0.0,0.5230686277151108
3.667765,-0.7853982,0.0,0.6197168028970939
3.667765,-0.6981317,0.0,0.5003527598782145
3.667765,-0.6108652,0.0,0.5000575381105802
3.667765,-0.5235987,0.0,0.5930888686412858
3.667765,-0.4363323,0.0,0.5405956424548592
3.667765,-0.3490658,0.0,0.5910522138268532
3.667765,-0.2617994,0.0,0.5000000378170604
3.667765,-0.174533,0.0,0.5000000073473881
3.667765,-0.08726652,0.0,0.5
3.667765,4.371139e-08,0.0,0.5
3.667765,0.08726648,0.0,0.5
3.667765,0.1745329,0.0,0.5
3.667765,0.2617994,0.0,0.5
3.667765,0.3490658,0.0,0.5
3.667765,0.4363324,0.0,0.5
3.667765,0.5235988,0.0,0.5
3.667765,0.6108652,0.0,0.5000000063161633
3.667765,0.6981317,0.0,0.5000006941053636
3.667765,0.7853982,0.0,0.5000018625174497
3.667765,0.8726646,0.0,0.5000374813597371
3.667765,0.9599311,0.0,0.5511107375587937
3.667765,1.047197,0.0,0.6488130093044494
3.667765,1.134464,0.0,0.6553213930188636
3.667765,1.22173,0.0,0.6674324318733842
3.667765,1.308997,0.0,0.6869642964353659
3.667765,1.396263,0.0,0.6626968980574929
3.667765,1.48353,0.0,0.6195886598038641
3.667765,1.570796,0.0,0.6453983270766035
3.667765,1.658063,0.0,0.6417687479849389
3.667765,1.745329,0.0,0.6478687752995108
3.667765,1.832596,0.0,0.6452232269776826
3.667765,1.919862,0.0,0.6209462997428683
3.667765,2.007129,0.0,0.6017430813877088
3.667765,2.094395,0.0,0.6310996037927522
3.667765,2.181662,0.0,0.6018789812819519
3.667765,2.268928,0.0,0.6479781864966379
3.667765,2.356194,0.0,0.6354709883949192
3.667765,2.443461,0.0,0.6489572618228867
3.667765,2.530728,0.0,0.6843541047878748
3.667765,2.617994,0.0,0.6705114350557283
3.667765,2.705261,0.0,0.6807500284496372
3.667765,2.792527,0.0,0.6809457483382407
3.667765,2.879793,0.0,0.6790612836311322
3.667765,2.96706,0.0,0.6659173117024917
3.667765,3.054326,0.0,0.6516448872816368
3.667765,-3.141593,0.0,0.6439446871297176
3.667765,-3.054326,0.0,0.6656593241735962
3.667765,-2.96706,0.0,0.6549764676974005
3.667765,-2.879793,0.0,0.6699841558383519
3.667765,-2.792527,0.0,0.6662319186431127
3.667765,-2.705261,0.0,0.6404211018654719
3.667765,-2.617994,0.0,0.6768613095140954
3.667765,-2.530728,0.0,0.714879557165811
3.667765,-2.443461,0.0,0.6742047113299101
3.667765,-2.356195,0.0,0.6528833991734186
3.667765,-2.268928,0.0,0.6787147194458201
3.667765,-2.181662,0.0,0.656333386435089
3.667765,-2.094395,0.0,0.6519294406328995
3.667765,-2.007129,0.0,0.6326455892475551
3.667765,-1.919862,0.0,0.6071699580531352
3.667765,-1.832596,0.0,0.6005732356607665
3.667765,-1.745329,0.0,0.590008023836289
3.667765,-1.658063,0.0,0.5926683628195584
3.448188,-1.570796,0.0,0.6110541717536753
3.448188,-1.48353,0.0,0.5961718947227234
3.448188,-1.396263,0.0,0.6089430177991922
3.448188,-1.308997,0.0,0.6012895533082164
3.448188,-1.22173,0.0,0.6386171167016602
3.448188,-1.134464,0.0,0.6185209568455041
3.448188,-1.047198,0.0,0.629546008362664
3.448188,-0.9599311,0.0,0.5065995792805936
3.448188,-0.8726647,0.0,0.6072561961822469
3.448188,-0.7853982,0.0,0.5869205737739076
3.448188,-0.6981317,0.0,0.5293694965541362
3.448188,-0.6108652,0.0,0.6141257213796234
3.448188,-0.5235987,0.0,0.5243609443306922
3.448188,-0.4363323,0.0,0.5374918295515528
3.448188,-0.3490658,0.0,0.62189822050928
3.448188,-0.2617994,0.0,0.5000045378792688
3.448188,-0.174533,0.0,0.5000000016820162
3.448188,-0.08726652,0.0,0.5
3.448188,4.371138e-08,0.0,0.5
3.448188,0.08726649,0.0,0.5
3.448188,0.1745329,0.0,0.5
3.448188,0.2617994,0.0,0.4999999993291174
3.448188,0.3490658,0.0,0.5
3.448188,0.4363324,0.0,0.5
3.448188,0.5235988,0.0,0.5000000000345778
3.448188,0.6108652,0.0,0.49999999709458914
3.448188,0.6981317,0.0,0.5000000476606942
3.448188,0.7853982,0.0,0.5000048037788808
3.448188,0.8726646,0.0,0.500278259929659
3.448188,0.9599311,0.0,0.5263018481433391
3.448188,1.047197,0.0,0.6692927940544977
3.448188,1.134464,0.0,0.6229713366086168
3.448188,1.22173,0.0,0.6578298522045309
3.448188,1.308997,0.0,0.6532851046568413
3.448188,1.396263,0.0,0.6712320956697725
3.448188,1.48353,0.0,0.6421153624317358
3.448188,1.570796,0.0,0.6571274358942629
3.448188,1.658063,0.0,0.646816393101348
3.448188,1.745329,0.0,0.6600054277289837
3.448188,1.832596,0.0,0.6314255277469456
3.448188,1.919862,0.0,0.6265514340767485
3.448188,2.007129,0.0,0.6233835733544845
3.448188,2.094395,0.0,0.6298528518888444
3.448188,2.181662,0.0,0.6508362705564008
3.448188,2.268928,0.0,0.6739823994250542
3.448188,2.356194,0.0,0.6469856067826288
3.448188,2.443461,0.0,0.6327113090634746
3.448188,2.530728,0.0,0.7096457794387243
3.448188,2.617994,0.0,0.6613762166245676
3.448188,2.705261,0.0,0.6759885200971519
3.448188,2.792527,0.0,0.7089623293607229
3.448188,2.879793,0.0,0.6925337801884927
3.448188,2.96706,0.0,0.691850859020375
3.448188,3.054326,0.0,0.6635099825468398
3.448188,-3.141593,0.0,0.6562460098904399
3.448188,-3.054326,0.0,0.6399498337761879
3.448188,-2.96706,0.0,0.6633454039373218
3.448188,-2.879793,0.0,0.6925487949269843
3.448188,-2.792527,0.0,0.6787306210439037
3.448188,-2.705261,0.0,0.698514980218814
3.448188,-2.617994,0.0,0.689468777607269
3.448188,-2.530728,0.0,0.6896650666830678
3.448188,-2.443461,0.0,0.6748347976528815
3.448188,-2.356195,0.0,0.6781028814246841
3.448188,-2.268928,0.0,0.7240094881162649
3.448188,-2.181662,0.0,0.6957449990987128
3.448188,-2.094395,0.0,0.69409098731914
3.448188,-2.007129,0.0,0.6594814655415622
3.448188,-1.919862,0.0,0.6304345072716568
3.448188,-1.832596,0.0,0.6103038840174078
3.448188,-1.745329,0.0,0.6159178779430099
3.448188,-1.658063,0.0,0.6128263225835598
3.233033,-1.570796,0.0,0.640093683422295
3.233033,-1.48353,0.0,0.6228921913258927
3.233032,-1.396263,0.0,0.6296133827633823
3.233033,-1.308997,0.0,0.6343972361262991
3.233032,-1.22173,0.0,0.6222463667716793
3.233032,-1.134464,0.0,0.630610838014935
3.233033,-1.047198,0.0,0.6438486067948106
3.233033,-0.9599311,0.0,0.5631283851354862
3.233033,-0.8726646,0.0,0.6128853133723828
3.233033,-0.7853982,0.0,0.5935504273600204
3.233033,-0.6981317,0.0,0.5918056496260797
3.233033,-0.6108652,0.0,0.6032198810645177
3.233033,-0.5235987,0.0,0.5946611342428586
3.233033,-0.4363323,0.0,0.5808621822873408
3.233033,-0.3490659,0.0,0.6200592218130195
3.233033,-0.2617994,0.0,0.5000000490557338
3.233032,-0.174533,0.0,0.5
3.233033,-0.08726652,0.0,0.5
3.233033,4.371139e-08,0.0,0.5
3.233033,0.08726648,0.0,0.5
3.233032,0.1745329,0.0,0.5
3.233033,0.2617994,0.0,0.5
3.233032,0.3490658,0.0,0.5
3.233033,0.4363324,0.0,0.5000000002962028
3.233033,0.5235988,0.0,0.5
3.233032,0.6108653,0.0,0.5
3.233033,0.6981317,0.0,0.5037917649463965
3.233033,0.7853982,0.0,0.5000005189787408
3.233033,0.8726646,0.0,0.5002545514291576
3.233033,0.9599311,0.0,0.5030500484698371
3.233033,1.047197,0.0,0.6693539255312333
3.233033,1.134464,0.0,0.6607610578435732
3.233033,1.22173,0.0,0.6804294588376554
3.233033,1.308997,0.0,0.6567820277120078
3.233033,1.396263,0.0,0.6790122691679104
3.233033,1.48353,0.0,0.6564743015150956
3.233033,1.570796,0.0,0.6454884830298786
3.233033,1.658063,0.0,0.6542393024163056
3.233032,1.745329,0.0,0.6526064702427796
3.233033,1.832596,0.0,0.6616383231882187
3.233033,1.919862,0.0,0.6388602039151294
3.233033,2.007129,0.0,0.623014599059607
3.233033,2.094395,0.0,0.6514571306792796
3.233033,2.181662,0.0,0.6805035320102599
3.233033,2.268928,0.0,0.6816655037278336
3.233033,2.356194,0.0,0.6721447750484802
3.233033,2.443461,0.0,0.6924156063204768
3.233033,2.530728,0.0,0.7162688495640833
3.233032,2.617994,0.0,0.6746429965548881
3.233033,2.705261,0.0,0.6965172635831423
3.233033,2.792527,0.0,0.6916806736388771
3.233033,2.879793,0.0,0.6916803390580946
3.233033,2.96706,0.0,0.6861710603259488
3.233033,3.054326,0.0,0.7036929211415206
3.233033,-3.141593,0.0,0.6790509082766617
3.233033,-3.054326,0.0,0.651860965145525
3.233032,-2.96706,0.0,0.6759199708916428
3.233033,-2.879793,0.0,0.7032005877169213
3.233032,-2.792527,0.0,0.6963033849407099
3.233033,-2.705261,0.0,0.6927120636393171
3.233032,-2.617994,0.0,0.7242481122719002
3.233033,-2.530728,0.0,0.673899652661553
3.233033,-2.443461,0.0,0.6793394762573687
3.233033,-2.356195,0.0,0.7195579151138118
3.233033,-2.268928,0.0,0.7585512545922797
3.233033,-2.181662,0.0,0.7136245008543587
3.233033,-2.094395,0.0,0.7154583960797988
3.233033,-2.007129,0.0,0.7083878217784016
3.233033,-1.919862,0.0,0.6233762892257488
3.233033,-1.832596,0.0,0.6336532335516861
3.233033,-1.745329,0.0,0.6216059738362513
3.233033,-1.658063,0.0,0.6067511320089491
